{
  "__version__": "1.0.0",
  "builder": {},
  "gizmos-infos": {
    "is2D": true,
    "is3DIcon": false,
    "iconSize": 2,
    "gridVisible": true,
    "gridColor": [
      166,
      166,
      166,
      255
    ],
    "transformToolName": "position",
    "pivot": "pivot",
    "coordinate": "local",
    "toolsVisibility3d": true
  },
  "snap-configs": {
    "position": {
      "x": 1,
      "y": 1,
      "z": 1
    },
    "rotation": 1,
    "scale": 1,
    "isPositionSnapEnabled": false,
    "isRotationSnapEnabled": false,
    "isScaleSnapEnabled": false
  },
  "rect-snap-configs": {
    "enableSnapping": true,
    "snapThreshold": 4
  },
  "camera-infos": {
    "de2faacb-743f-4ddc-bff9-5111d3f1c91a": {
      "position": {
        "x": -1.0032846715329242,
        "y": -76.96199999999999,
        "z": 5000
      },
      "rotation": {
        "x": 0,
        "y": 0,
        "z": 0,
        "w": 1
      },
      "viewCenter": {
        "x": 0,
        "y": 0,
        "z": 0
      },
      "contentRect": {
        "x": -15.003284671532924,
        "y": -92.96199999999999,
        "width": 28,
        "height": 32
      },
      "scale": 1
    },
    "c77ecaa8-c936-46c4-a5b0-98692673ed87": {
      "position": {
        "x": 639.6983333333333,
        "y": 360.30166666666673,
        "z": 5000
      },
      "rotation": {
        "x": 0,
        "y": 0,
        "z": 0,
        "w": 1
      },
      "viewCenter": {
        "x": 0,
        "y": 0,
        "z": 0
      },
      "contentRect": {
        "x": 0,
        "y": 0,
        "width": 1262.2222222222222,
        "height": 710
      },
      "scale": 0.9861111111111112
    },
    "1535bc81-7719-444a-be67-2c0014e4261f": {
      "position": {
        "x": 639.9999999999999,
        "y": 360.00000000000006,
        "z": 5000
      },
      "rotation": {
        "x": 0,
        "y": 0,
        "z": 0,
        "w": 1
      },
      "viewCenter": {
        "x": 0,
        "y": 0,
        "z": 0
      },
      "contentRect": {
        "x": 0,
        "y": 5.674334241915166e-14,
        "width": 1262.2222222222222,
        "height": 710
      },
      "scale": 0.9861111111111112
    },
    "70774282-0f2c-4340-8714-aa5ba35f0da7": {
      "position": {
        "x": 645,
        "y": 410.99999999999994,
        "z": 5000
      },
      "rotation": {
        "x": 0,
        "y": 0,
        "z": 0,
        "w": 1
      },
      "viewCenter": {
        "x": 0,
        "y": 0,
        "z": 0
      },
      "contentRect": {
        "x": 6.116584564860507,
        "y": 51.628078817733986,
        "width": 1274.3065693430658,
        "height": 812
      },
      "scale": 0.9878345498783456
    }
  },
  "camera-uuids": [
    "de2faacb-743f-4ddc-bff9-5111d3f1c91a",
    "c77ecaa8-c936-46c4-a5b0-98692673ed87",
    "1535bc81-7719-444a-be67-2c0014e4261f",
    "70774282-0f2c-4340-8714-aa5ba35f0da7"
  ],
  "camera": {
    "color": [
      48,
      48,
      48,
      255
    ],
    "fov": 45,
    "far": 10000,
    "near": 0.01,
    "wheelSpeed": 0.01,
    "wanderSpeed": 10,
    "enableAcceleration": true,
    "size": "__default_design__",
    "far2D": 10000,
    "near2D": 1,
    "wheelSpeed2D": 6,
    "iso": 0,
    "aperture": 19,
    "shutter": 7
  },
  "scene_view": {
    "isSceneLightOn": true,
    "output_device": "__default_design__"
  }
}
