{
  "__version__": "1.0.0",
  "builder": {},
  "gizmos-infos": {
    "is2D": true,
    "is3DIcon": false,
    "iconSize": 2,
    "gridVisible": true,
    "gridColor": [
      166,
      166,
      166,
      255
    ],
    "transformToolName": "position",
    "pivot": "pivot",
    "coordinate": "local",
    "toolsVisibility3d": true
  },
  "snap-configs": {
    "position": {
      "x": 1,
      "y": 1,
      "z": 1
    },
    "rotation": 1,
    "scale": 1,
    "isPositionSnapEnabled": false,
    "isRotationSnapEnabled": false,
    "isScaleSnapEnabled": false
  },
  "rect-snap-configs": {
    "enableSnapping": true,
    "snapThreshold": 4
  },
  "camera-infos": {
    "bc0967d0-a809-4ecc-abfd-13867267a5f4": {
      "position": {
        "x": 0,
        "y": 0,
        "z": 5000
      },
      "rotation": {
        "x": 0,
        "y": 0,
        "z": 0,
        "w": 1
      },
      "viewCenter": {
        "x": 969.733,
        "y": 118.41900000000001,
        "z": 0
      },
      "contentRect": {
        "x": -50,
        "y": -50,
        "width": 0,
        "height": 0
      },
      "scale": 1
    },
    "83e455a7-4bfb-4486-85ff-9b6c6cf3bd1a": {
      "position": {
        "x": 1001.8302499999966,
        "y": 456.47674999999276,
        "z": 5000
      },
      "rotation": {
        "x": 0,
        "y": 0,
        "z": 0,
        "w": 1
      },
      "viewCenter": {
        "x": 969.733,
        "y": 118.41900000000001,
        "z": 0
      },
      "contentRect": {
        "x": 962.7677499999966,
        "y": 417.4142499999928,
        "width": 100,
        "height": 100.00000000000006
      },
      "scale": 1.280000000000002
    },
    "22401da9-07c8-44a8-b77d-c3edc947ef1b": {
      "position": {
        "x": 1036.6411085727448,
        "y": 528.7022597495893,
        "z": 5000
      },
      "rotation": {
        "x": 0,
        "y": 0,
        "z": 0,
        "w": 1
      },
      "viewCenter": {
        "x": 969.733,
        "y": 118.41900000000001,
        "z": 0
      },
      "contentRect": {
        "x": 1026.928517712944,
        "y": 518.9896688897887,
        "width": 100,
        "height": 100.00000000000006
      },
      "scale": 5.147956989205119
    },
    "5d14f68b-d3a1-4e33-8f21-f486773bca00": {
      "position": {
        "x": 1003.1626727040888,
        "y": 60.874379056581574,
        "z": 5000
      },
      "rotation": {
        "x": 0,
        "y": 0,
        "z": 0,
        "w": 1
      },
      "viewCenter": {
        "x": 969.733,
        "y": 118.41900000000001,
        "z": 0
      },
      "contentRect": {
        "x": 568.5770358186185,
        "y": -216.04763142392736,
        "width": 100,
        "height": 100
      },
      "scale": 1.4661167571892093
    },
    "ebc65683-97fe-4824-b0b2-cd2d385462b4": {
      "position": {
        "x": 14047.395044948895,
        "y": 7391.8757866826545,
        "z": 5000
      },
      "rotation": {
        "x": 0,
        "y": 0,
        "z": 0,
        "w": 1
      },
      "viewCenter": {
        "x": 0,
        "y": 0,
        "z": 0
      },
      "contentRect": {
        "x": 9125.95792521375,
        "y": 4660.287431852914,
        "width": 1290,
        "height": 822
      },
      "scale": 0.12922884203099574
    },
    "de2faacb-743f-4ddc-bff9-5111d3f1c91a": {
      "position": {
        "x": 474.5274238901751,
        "y": 194.70990625285685,
        "z": 5000
      },
      "rotation": {
        "x": 0,
        "y": 0,
        "z": 0,
        "w": 1
      },
      "viewCenter": {
        "x": 0,
        "y": 0,
        "z": 0
      },
      "contentRect": {
        "x": 443.83709120784783,
        "y": 164.01957357052956,
        "width": 32,
        "height": 12
      },
      "scale": 1.6291775171532112
    },
    "13dd55e8-5532-4956-9ca1-2469acdefa4d": {
      "position": {
        "x": 923.7038453953726,
        "y": 430.9942049501723,
        "z": 5000
      },
      "rotation": {
        "x": 0,
        "y": 0,
        "z": 0,
        "w": 1
      },
      "viewCenter": {
        "x": 0,
        "y": 0,
        "z": 0
      },
      "contentRect": {
        "x": 918.7238520646218,
        "y": 426.01421161942153,
        "width": 100,
        "height": 100.00000000000006
      },
      "scale": 10.04017408843833
    },
    "234b5123-daa3-457a-a6e7-dba12502de1b": {
      "position": {
        "x": 881.581,
        "y": 312.075,
        "z": 5000
      },
      "rotation": {
        "x": 0,
        "y": 0,
        "z": 0,
        "w": 1
      },
      "viewCenter": {
        "x": 0,
        "y": 0,
        "z": 0
      },
      "contentRect": {
        "x": 831.581,
        "y": 262.075,
        "width": 100,
        "height": 100
      },
      "scale": 1
    },
    "70774282-0f2c-4340-8714-aa5ba35f0da7": {
      "position": {
        "x": 547.4362606232306,
        "y": 187.62039660056655,
        "z": 5000
      },
      "rotation": {
        "x": 0,
        "y": 0,
        "z": 0,
        "w": 1
      },
      "viewCenter": {
        "x": 0,
        "y": 0,
        "z": 0
      },
      "contentRect": {
        "x": -101.62889518413478,
        "y": -177.47875354107646,
        "width": 1271.9832402234638,
        "height": 706
      },
      "scale": 0.9860335195530727
    },
    "c77ecaa8-c936-46c4-a5b0-98692673ed87": {
      "position": {
        "x": 639.5983333333332,
        "y": 360.4016666666667,
        "z": 5000
      },
      "rotation": {
        "x": 0,
        "y": 0,
        "z": 0,
        "w": 1
      },
      "viewCenter": {
        "x": 0,
        "y": 0,
        "z": 0
      },
      "contentRect": {
        "x": 0,
        "y": 0,
        "width": 1262.2222222222222,
        "height": 710
      },
      "scale": 0.9861111111111112
    },
    "1535bc81-7719-444a-be67-2c0014e4261f": {
      "position": {
        "x": 640,
        "y": 360,
        "z": 5000
      },
      "rotation": {
        "x": 0,
        "y": 0,
        "z": 0,
        "w": 1
      },
      "viewCenter": {
        "x": 0,
        "y": 0,
        "z": 0
      },
      "contentRect": {
        "x": 0,
        "y": 0,
        "width": 1280,
        "height": 720
      },
      "scale": 1
    },
    "224ec40a-8363-4af5-aea5-18c84724e6e9": {
      "position": {
        "x": 645,
        "y": 357.99999999999994,
        "z": 5000
      },
      "rotation": {
        "x": 0,
        "y": 0,
        "z": 0,
        "w": 1
      },
      "viewCenter": {
        "x": 0,
        "y": 0,
        "z": 0
      },
      "contentRect": {
        "x": 0,
        "y": 0,
        "width": 1271.9832402234638,
        "height": 706
      },
      "scale": 0.9860335195530727
    }
  },
  "camera-uuids": [
    "bc0967d0-a809-4ecc-abfd-13867267a5f4",
    "83e455a7-4bfb-4486-85ff-9b6c6cf3bd1a",
    "22401da9-07c8-44a8-b77d-c3edc947ef1b",
    "5d14f68b-d3a1-4e33-8f21-f486773bca00",
    "ebc65683-97fe-4824-b0b2-cd2d385462b4",
    "de2faacb-743f-4ddc-bff9-5111d3f1c91a",
    "13dd55e8-5532-4956-9ca1-2469acdefa4d",
    "234b5123-daa3-457a-a6e7-dba12502de1b",
    "70774282-0f2c-4340-8714-aa5ba35f0da7",
    "c77ecaa8-c936-46c4-a5b0-98692673ed87",
    "1535bc81-7719-444a-be67-2c0014e4261f",
    "224ec40a-8363-4af5-aea5-18c84724e6e9"
  ],
  "camera": {
    "color": [
      48,
      48,
      48,
      255
    ],
    "fov": 45,
    "far": 10000,
    "near": 0.01,
    "wheelSpeed": 0.01,
    "wanderSpeed": 10,
    "enableAcceleration": true,
    "size": "__default_design__",
    "far2D": 10000,
    "near2D": 1,
    "wheelSpeed2D": 6,
    "iso": 0,
    "aperture": 19,
    "shutter": 7
  },
  "scene_view": {
    "isSceneLightOn": true,
    "output_device": "__default_design__"
  }
}
