{
  "gizmos-infos": {
    "is2D": true,
    "is3DIcon": false,
    "iconSize": 2,
    "gridVisible": true,
    "gridColor": [
      166,
      166,
      166,
      255
    ],
    "transformToolName": "position",
    "pivot": "pivot",
    "coordinate": "local",
    "toolsVisibility3d": true
  },
  "__version__": "1.0.0",
  "builder": {
    "taskOptionsMap": {},
    "__version__": "1.3.7"
  },
  "snap-configs": {
    "position": {
      "x": 1,
      "y": 1,
      "z": 1
    },
    "rotation": 1,
    "scale": 1,
    "isPositionSnapEnabled": false,
    "isRotationSnapEnabled": false,
    "isScaleSnapEnabled": false
  },
  "rect-snap-configs": {
    "enableSnapping": true,
    "snapThreshold": 4
  },
  "camera-infos": {
    "ab2dfc6f-bc35-40ac-96f3-d85479c4cacd": {
      "position": {
        "x": 640,
        "y": 359.9999999999999,
        "z": 5000
      },
      "rotation": {
        "x": 0,
        "y": 0,
        "z": 0,
        "w": 1
      },
      "viewCenter": {
        "x": 0,
        "y": 0,
        "z": 0
      },
      "contentRect": {
        "x": 0,
        "y": 0,
        "width": 515.5555555555555,
        "height": 290
      },
      "scale": 0.4027777777777778
    },
    "e97af634-9c44-4bfc-a4b9-b740944b1e6a": {
      "position": {
        "x": 2384.0243030180955,
        "y": -1266.5297789603983,
        "z": 5000
      },
      "rotation": {
        "x": 0,
        "y": 0,
        "z": 0,
        "w": 1
      },
      "viewCenter": {
        "x": 0,
        "y": 0,
        "z": 0
      },
      "contentRect": {
        "x": 682.5535374401843,
        "y": -1587.0822323681602,
        "width": 637.626,
        "height": 120.12699999999995
      },
      "scale": 0.18737495021944378
    },
    "c77ecaa8-c936-46c4-a5b0-98692673ed87": {
      "position": {
        "x": 640,
        "y": 360.00000000000006,
        "z": 5000
      },
      "rotation": {
        "x": 0,
        "y": 0,
        "z": 0,
        "w": 1
      },
      "viewCenter": {
        "x": 0,
        "y": 0,
        "z": 0
      },
      "contentRect": {
        "x": 0,
        "y": 5.684341886080802e-14,
        "width": 1280,
        "height": 720
      },
      "scale": 1
    },
    "d1e81e9d-ab3a-407d-931f-acb9135b2694": {
      "position": {
        "x": 593.8539022818866,
        "y": 539.5391798042856,
        "z": 5000
      },
      "rotation": {
        "x": 0,
        "y": 0,
        "z": 0,
        "w": 1
      },
      "viewCenter": {
        "x": 0,
        "y": 0,
        "z": 0
      },
      "contentRect": {
        "x": -294.9951589412299,
        "y": -91.69016724564734,
        "width": 1441.9187620889747,
        "height": 1024
      },
      "scale": 0.8111156466232844
    }
  },
  "camera-uuids": [
    "ab2dfc6f-bc35-40ac-96f3-d85479c4cacd",
    "e97af634-9c44-4bfc-a4b9-b740944b1e6a",
    "c77ecaa8-c936-46c4-a5b0-98692673ed87",
    "d1e81e9d-ab3a-407d-931f-acb9135b2694"
  ],
  "camera": {
    "color": [
      48,
      48,
      48,
      255
    ],
    "fov": 45,
    "far": 10000,
    "near": 0.01,
    "wheelSpeed": 0.01,
    "wanderSpeed": 10,
    "enableAcceleration": true,
    "size": "__default_design__",
    "far2D": 10000,
    "near2D": 1,
    "wheelSpeed2D": 6,
    "iso": 0,
    "aperture": 19,
    "shutter": 7
  },
  "float-window": {
    "position": {
      "cc": {
        "Camera": {
          "dock": false,
          "top": null,
          "bottom": 10,
          "left": null,
          "right": 10
        }
      }
    }
  }
}
