{
  "gizmos-infos": {
    "is2D": true,
    "is3DIcon": false,
    "iconSize": 2,
    "gridVisible": true,
    "gridColor": [
      166,
      166,
      166,
      255
    ],
    "transformToolName": "position",
    "pivot": "pivot",
    "coordinate": "local",
    "toolsVisibility3d": true
  },
  "__version__": "1.0.0",
  "builder": {
    "taskOptionsMap": {},
    "__version__": "1.3.7"
  },
  "snap-configs": {
    "position": {
      "x": 1,
      "y": 1,
      "z": 1
    },
    "rotation": 1,
    "scale": 1,
    "isPositionSnapEnabled": false,
    "isRotationSnapEnabled": false,
    "isScaleSnapEnabled": false
  },
  "rect-snap-configs": {
    "enableSnapping": true,
    "snapThreshold": 4
  },
  "camera-infos": {
    "c77ecaa8-c936-46c4-a5b0-98692673ed87": {
      "position": {
        "x": 594.9775219274828,
        "y": 337.6631560272217,
        "z": 5000
      },
      "rotation": {
        "x": 0,
        "y": 0,
        "z": 0,
        "w": 1
      },
      "viewCenter": {
        "x": 0,
        "y": 0,
        "z": 0
      },
      "contentRect": {
        "x": 321.187,
        "y": 299.9365000000001,
        "width": 1280,
        "height": 720
      },
      "scale": 1
    },
    "e97af634-9c44-4bfc-a4b9-b740944b1e6a": {
      "position": {
        "x": 640,
        "y": 420.06299999999993,
        "z": 5000
      },
      "rotation": {
        "x": 0,
        "y": 0,
        "z": 0,
        "w": 1
      },
      "viewCenter": {
        "x": 0,
        "y": 0,
        "z": 0
      },
      "contentRect": {
        "x": 365,
        "y": 365.06299999999993,
        "width": 550,
        "height": 95
      },
      "scale": 1
    },
    "48939222-f916-4102-a061-fa566b059c3a": {
      "position": {
        "x": 638.319,
        "y": 360.00000000000006,
        "z": 5000
      },
      "rotation": {
        "x": 0,
        "y": 0,
        "z": 0,
        "w": 1
      },
      "viewCenter": {
        "x": 0,
        "y": 0,
        "z": 0
      },
      "contentRect": {
        "x": -204.36079602602427,
        "y": -238.44155844155839,
        "width": 1544.5122,
        "height": 616
      },
      "scale": 0.8555555555555555
    },
    "ab2dfc6f-bc35-40ac-96f3-d85479c4cacd": {
      "position": {
        "x": 640.0000000000002,
        "y": 360.00000000000006,
        "z": 5000
      },
      "rotation": {
        "x": 0,
        "y": 0,
        "z": 0,
        "w": 1
      },
      "viewCenter": {
        "x": 0,
        "y": 0,
        "z": 0
      },
      "contentRect": {
        "x": -1277.325489655172,
        "y": -404.6896551724138,
        "width": 515.5555555555555,
        "height": 290
      },
      "scale": 0.4027777777777778
    },
    "d1e81e9d-ab3a-407d-931f-acb9135b2694": {
      "position": {
        "x": 1005.6275848487128,
        "y": 598.0392513940226,
        "z": 5000
      },
      "rotation": {
        "x": 0,
        "y": 0,
        "z": 0,
        "w": 1
      },
      "viewCenter": {
        "x": 0,
        "y": 0,
        "z": 0
      },
      "contentRect": {
        "x": -1291.5240228036596,
        "y": -1033.3170414030606,
        "width": 1441.9187620889747,
        "height": 1024
      },
      "scale": 0.3138492812763406
    }
  },
  "camera-uuids": [
    "c77ecaa8-c936-46c4-a5b0-98692673ed87",
    "e97af634-9c44-4bfc-a4b9-b740944b1e6a",
    "48939222-f916-4102-a061-fa566b059c3a",
    "ab2dfc6f-bc35-40ac-96f3-d85479c4cacd",
    "d1e81e9d-ab3a-407d-931f-acb9135b2694"
  ],
  "camera": {
    "color": [
      48,
      48,
      48,
      255
    ],
    "fov": 45,
    "far": 10000,
    "near": 0.01,
    "wheelSpeed": 0.01,
    "wanderSpeed": 10,
    "enableAcceleration": true,
    "size": "__default_design__",
    "far2D": 10000,
    "near2D": 1,
    "wheelSpeed2D": 6,
    "iso": 0,
    "aperture": 19,
    "shutter": 7
  },
  "float-window": {
    "position": {
      "cc": {
        "Camera": {
          "dock": false,
          "top": null,
          "bottom": 10,
          "left": null,
          "right": 10
        }
      }
    }
  }
}
