{
  "gizmos-infos": {
    "is2D": true,
    "is3DIcon": false,
    "iconSize": 2,
    "gridVisible": true,
    "gridColor": [
      166,
      166,
      166,
      255
    ],
    "transformToolName": "position",
    "pivot": "pivot",
    "coordinate": "local",
    "toolsVisibility3d": true
  },
  "__version__": "1.0.0",
  "builder": {
    "taskOptionsMap": {},
    "__version__": "1.3.7"
  },
  "snap-configs": {
    "position": {
      "x": 1,
      "y": 1,
      "z": 1
    },
    "rotation": 1,
    "scale": 1,
    "isPositionSnapEnabled": false,
    "isRotationSnapEnabled": false,
    "isScaleSnapEnabled": false
  },
  "rect-snap-configs": {
    "enableSnapping": true,
    "snapThreshold": 4
  },
  "camera-infos": {
    "e97af634-9c44-4bfc-a4b9-b740944b1e6a": {
      "position": {
        "x": 640,
        "y": 420.06299999999993,
        "z": 5000
      },
      "rotation": {
        "x": 0,
        "y": 0,
        "z": 0,
        "w": 1
      },
      "viewCenter": {
        "x": 0,
        "y": 0,
        "z": 0
      },
      "contentRect": {
        "x": 365,
        "y": 365.06299999999993,
        "width": 550,
        "height": 95
      },
      "scale": 1
    },
    "ab2dfc6f-bc35-40ac-96f3-d85479c4cacd": {
      "position": {
        "x": 640,
        "y": 359.9999999999999,
        "z": 5000
      },
      "rotation": {
        "x": 0,
        "y": 0,
        "z": 0,
        "w": 1
      },
      "viewCenter": {
        "x": 0,
        "y": 0,
        "z": 0
      },
      "contentRect": {
        "x": -1149.968118455279,
        "y": -911.1724137931034,
        "width": 515.5555555555555,
        "height": 290
      },
      "scale": 0.4027777777777778
    },
    "466f6e11-e0cb-436e-8a84-19042547d271": {
      "position": {
        "x": 1222.652329749104,
        "y": 697.0609318996417,
        "z": 5000
      },
      "rotation": {
        "x": 0,
        "y": 0,
        "z": 0,
        "w": 1
      },
      "viewCenter": {
        "x": 0,
        "y": 0,
        "z": 0
      },
      "contentRect": {
        "x": 1165.304659498208,
        "y": 674.1218637992832,
        "width": 1116,
        "height": 627.75
      },
      "scale": 0.871875
    },
    "5a44e028-7246-4ee5-ba28-5f74352dd67d": {
      "position": {
        "x": 640.0000000000001,
        "y": 360.00000000000006,
        "z": 5000
      },
      "rotation": {
        "x": 0,
        "y": 0,
        "z": 0,
        "w": 1
      },
      "viewCenter": {
        "x": 0,
        "y": 0,
        "z": 0
      },
      "contentRect": {
        "x": 0,
        "y": 4.8897564611447755e-14,
        "width": 1116,
        "height": 627.75
      },
      "scale": 0.871875
    },
    "60c3477a-6426-4d54-8868-59ed3f5e25f7": {
      "position": {
        "x": 640.0000000000001,
        "y": 360.00000000000006,
        "z": 5000
      },
      "rotation": {
        "x": 0,
        "y": 0,
        "z": 0,
        "w": 1
      },
      "viewCenter": {
        "x": 0,
        "y": 0,
        "z": 0
      },
      "contentRect": {
        "x": 0,
        "y": 104.74788868614965,
        "width": 1116,
        "height": 627.75
      },
      "scale": 0.871875
    },
    "d1e81e9d-ab3a-407d-931f-acb9135b2694": {
      "position": {
        "x": 1039.5925007188,
        "y": 866.8057001154255,
        "z": 5000
      },
      "rotation": {
        "x": 0,
        "y": 0,
        "z": 0,
        "w": 1
      },
      "viewCenter": {
        "x": 0,
        "y": 0,
        "z": 0
      },
      "contentRect": {
        "x": 593.363498043593,
        "y": 625.8420386708136,
        "width": 1441.9187620889747,
        "height": 1024
      },
      "scale": 1.1205009020086731
    },
    "48e623e0-fb0e-46ea-b0f6-9e706504b2ab": {
      "position": {
        "x": 619.6061381074168,
        "y": 518.5473145780051,
        "z": 5000
      },
      "rotation": {
        "x": 0,
        "y": 0,
        "z": 0,
        "w": 1
      },
      "viewCenter": {
        "x": 0,
        "y": 0,
        "z": 0
      },
      "contentRect": {
        "x": 56.606138107416825,
        "y": 122.54731457800511,
        "width": 1111.7828282828282,
        "height": 782
      },
      "scale": 0.9873737373737373
    },
    "99885cf8-a0b3-49c7-a502-ab109ef9e77f": {
      "position": {
        "x": 562.9999999999999,
        "y": 396,
        "z": 5000
      },
      "rotation": {
        "x": 0,
        "y": 0,
        "z": 0,
        "w": 1
      },
      "viewCenter": {
        "x": 0,
        "y": 0,
        "z": 0
      },
      "contentRect": {
        "x": 0,
        "y": 0,
        "width": 1111.7828282828282,
        "height": 782
      },
      "scale": 0.9873737373737373
    },
    "46d80848-85c8-4a72-9962-f90520ed1bab": {
      "position": {
        "x": 640,
        "y": 360.00000000000006,
        "z": 5000
      },
      "rotation": {
        "x": 0,
        "y": 0,
        "z": 0,
        "w": 1
      },
      "viewCenter": {
        "x": 0,
        "y": 0,
        "z": 0
      },
      "contentRect": {
        "x": 160,
        "y": 40.00000000000006,
        "width": 0,
        "height": 0
      },
      "scale": 1
    },
    "c8abfdd1-52c1-4557-83cc-a92641ffb209": {
      "position": {
        "x": 548.996282527881,
        "y": 299.33085501858744,
        "z": 5000
      },
      "rotation": {
        "x": 0,
        "y": 0,
        "z": 0,
        "w": 1
      },
      "viewCenter": {
        "x": 0,
        "y": 0,
        "z": 0
      },
      "contentRect": {
        "x": -114.79553903345726,
        "y": 34.58981763359016,
        "width": 807,
        "height": 538
      },
      "scale": 0.840625
    },
    "eafc482f-074d-4f87-be04-c0fb1a1583f3": {
      "position": {
        "x": 1531.4971259946788,
        "y": 741.8764426146065,
        "z": 5000
      },
      "rotation": {
        "x": 0,
        "y": 0,
        "z": 0,
        "w": 1
      },
      "viewCenter": {
        "x": 0,
        "y": 0,
        "z": 0
      },
      "contentRect": {
        "x": -123.46860668221335,
        "y": 38.83673602008175,
        "width": 1000,
        "height": 540
      },
      "scale": 0.3826241924556683
    },
    "493b4de0-50f1-4243-823e-c2a8c2c65773": {
      "position": {
        "x": 1285.4949356762202,
        "y": 819.0335435526733,
        "z": 5000
      },
      "rotation": {
        "x": 0,
        "y": 0,
        "z": 0,
        "w": 1
      },
      "viewCenter": {
        "x": 0,
        "y": 0,
        "z": 0
      },
      "contentRect": {
        "x": 427.75741964103815,
        "y": 454.6613274385031,
        "width": 1116,
        "height": 627.75
      },
      "scale": 0.7382560692160816
    },
    "a545007d-aba5-4031-8d09-63326ac41824": {
      "position": {
        "x": 645,
        "y": 299,
        "z": 5000
      },
      "rotation": {
        "x": 0,
        "y": 0,
        "z": 0,
        "w": 1
      },
      "viewCenter": {
        "x": 0,
        "y": 0,
        "z": 0
      },
      "contentRect": {
        "x": 0,
        "y": 0,
        "width": 1268.428093645485,
        "height": 588
      },
      "scale": 0.9832775919732442
    },
    "48939222-f916-4102-a061-fa566b059c3a": {
      "position": {
        "x": 4340.26304032258,
        "y": 1566.3301451612901,
        "z": 5000
      },
      "rotation": {
        "x": 0,
        "y": 0,
        "z": 0,
        "w": 1
      },
      "viewCenter": {
        "x": 0,
        "y": 0,
        "z": 0
      },
      "contentRect": {
        "x": 4314.380975806452,
        "y": 1540.448080645161,
        "width": 1116,
        "height": 445.09586910352664
      },
      "scale": 0.6181887070882315
    },
    "b6bfc790-f61d-428b-b5d1-bf55883bb5f1": {
      "position": {
        "x": -1903.8211709162051,
        "y": -2528.951123725373,
        "z": 5000
      },
      "rotation": {
        "x": 0,
        "y": 0,
        "z": 0,
        "w": 1
      },
      "viewCenter": {
        "x": 0,
        "y": 0,