{
  "gizmos-infos": {
    "is2D": true,
    "is3DIcon": false,
    "iconSize": 2,
    "gridVisible": true,
    "gridColor": [
      166,
      166,
      166,
      255
    ],
    "transformToolName": "position",
    "pivot": "pivot",
    "coordinate": "local",
    "toolsVisibility3d": true
  },
  "__version__": "1.0.0",
  "builder": {
    "taskOptionsMap": {},
    "__version__": "1.3.7"
  },
  "snap-configs": {
    "position": {
      "x": 1,
      "y": 1,
      "z": 1
    },
    "rotation": 1,
    "scale": 1,
    "isPositionSnapEnabled": false,
    "isRotationSnapEnabled": false,
    "isScaleSnapEnabled": false
  },
  "rect-snap-configs": {
    "enableSnapping": true,
    "snapThreshold": 4
  },
  "camera-infos": {
    "ab2dfc6f-bc35-40ac-96f3-d85479c4cacd": {
      "position": {
        "x": 640,
        "y": 359.9999999999999,
        "z": 5000
      },
      "rotation": {
        "x": 0,
        "y": 0,
        "z": 0,
        "w": 1
      },
      "viewCenter": {
        "x": 0,
        "y": 0,
        "z": 0
      },
      "contentRect": {
        "x": -1149.968118455279,
        "y": -911.1724137931034,
        "width": 515.5555555555555,
        "height": 290
      },
      "scale": 0.4027777777777778
    },
    "466f6e11-e0cb-436e-8a84-19042547d271": {
      "position": {
        "x": 1222.652329749104,
        "y": 697.0609318996417,
        "z": 5000
      },
      "rotation": {
        "x": 0,
        "y": 0,
        "z": 0,
        "w": 1
      },
      "viewCenter": {
        "x": 0,
        "y": 0,
        "z": 0
      },
      "contentRect": {
        "x": 1165.304659498208,
        "y": 674.1218637992832,
        "width": 1116,
        "height": 627.75
      },
      "scale": 0.871875
    },
    "5a44e028-7246-4ee5-ba28-5f74352dd67d": {
      "position": {
        "x": 640.0000000000001,
        "y": 360.00000000000006,
        "z": 5000
      },
      "rotation": {
        "x": 0,
        "y": 0,
        "z": 0,
        "w": 1
      },
      "viewCenter": {
        "x": 0,
        "y": 0,
        "z": 0
      },
      "contentRect": {
        "x": 0,
        "y": 4.8897564611447755e-14,
        "width": 1116,
        "height": 627.75
      },
      "scale": 0.871875
    },
    "48939222-f916-4102-a061-fa566b059c3a": {
      "position": {
        "x": 638.3189999999998,
        "y": 359.99999999999994,
        "z": 5000
      },
      "rotation": {
        "x": 0,
        "y": 0,
        "z": 0,
        "w": 1
      },
      "viewCenter": {
        "x": 0,
        "y": 0,
        "z": 0
      },
      "contentRect": {
        "x": -396.9635806451614,
        "y": -222.34645161290325,
        "width": 1116,
        "height": 445.09586910352664
      },
      "scale": 0.6181887070882315
    },
    "0216040a-ab4f-441e-8529-3e25420480b8": {
      "position": {
        "x": 1096.355041008013,
        "y": 287.11771796329924,
        "z": 5000
      },
      "rotation": {
        "x": 0,
        "y": 0,
        "z": 0,
        "w": 1
      },
      "viewCenter": {
        "x": 0,
        "y": 0,
        "z": 0
      },
      "contentRect": {
        "x": 995.2117924030243,
        "y": 185.97446935831059,
        "width": 500.825,
        "height": 102.293
      },
      "scale": 0.4943483691657286
    },
    "37e68e28-035d-421d-82c0-acf9c1232c8d": {
      "position": {
        "x": -150.41250000000002,
        "y": 48.8535,
        "z": 5000
      },
      "rotation": {
        "x": 0,
        "y": 0,
        "z": 0,
        "w": 1
      },
      "viewCenter": {
        "x": 0,
        "y": 0,
        "z": 0
      },
      "contentRect": {
        "x": -200.41250000000002,
        "y": -1.1465000000000032,
        "width": 100,
        "height": 100
      },
      "scale": 1
    },
    "c77ecaa8-c936-46c4-a5b0-98692673ed87": {
      "position": {
        "x": 640,
        "y": 360.0000000000001,
        "z": 5000
      },
      "rotation": {
        "x": 0,
        "y": 0,
        "z": 0,
        "w": 1
      },
      "viewCenter": {
        "x": 0,
        "y": 0,
        "z": 0
      },
      "contentRect": {
        "x": 0.5273072007300055,
        "y": -229.8530852105778,
        "width": 1021,
        "height": 574.3125
      },
      "scale": 0.79765625
    },
    "bdd18d11-b60e-4c51-8d09-12a00846efa2": {
      "position": {
        "x": -31773.976630818353,
        "y": -7003.297307520916,
        "z": 5000
      },
      "rotation": {
        "x": 0,
        "y": 0,
        "z": 0,
        "w": 1
      },
      "viewCenter": {
        "x": 0,
        "y": 0,
        "z": 0
      },
      "contentRect": {
        "x": -31773.976630818357,
        "y": -7003.297307520916,
        "width": 0,
        "height": 0
      },
      "scale": 0.02
    },
    "60c3477a-6426-4d54-8868-59ed3f5e25f7": {
      "position": {
        "x": 423.0396620654261,
        "y": 117.75564911656488,
        "z": 5000
      },
      "rotation": {
        "x": 0,
        "y": 0,
        "z": 0,
        "w": 1
      },
      "viewCenter": {
        "x": 0,
        "y": 0,
        "z": 0
      },
      "contentRect": {
        "x": -747.6379469429824,
        "y": -540.7505059506649,
        "width": 1116,
        "height": 627.75
      },
      "scale": 0.47664702536904174
    },
    "48e623e0-fb0e-46ea-b0f6-9e706504b2ab": {
      "position": {
        "x": 534.4219948849104,
        "y": 549.9437340153453,
        "z": 5000
      },
      "rotation": {
        "x": 0,
        "y": 0,
        "z": 0,
        "w": 1
      },
      "viewCenter": {
        "x": 0,
        "y": 0,
        "z": 0
      },
      "contentRect": {
        "x": 483.782608695652,
        "y": 529.6879795396419,
        "width": 1111.7828282828282,
        "height": 782
      },
      "scale": 0.9873737373737373
    },
    "99885cf8-a0b3-49c7-a502-ab109ef9e77f": {
      "position": {
        "x": 959.7928388746802,
        "y": 803.1406649616368,
        "z": 5000
      },
      "rotation": {
        "x": 0,
        "y": 0,
        "z": 0,
        "w": 1
      },
      "viewCenter": {
        "x": 0,
        "y": 0,
        "z": 0
      },
      "contentRect": {
        "x": 396.7928388746802,
        "y": 407.14066496163684,
        "width": 1111.7828282828282,
        "height": 782
      },
      "scale": 0.9873737373737373
    },
    "eafc482f-074d-4f87-be04-c0fb1a1583f3": {
      "position": {
        "x": 1117.8348935412082,
        "y": 725.727412925585,
        "z": 5000
      },
      "rotation": {
        "x": 0,
        "y": 0,
        "z": 0,
        "w": 1
      },
      "viewCenter": {
        "x": 0,
        "y": 0,
        "z": 0
      },
      "contentRect": {
        "x": 1059.420331119014,
        "y": 702.3615879567072,
        "width": 1000,
        "height": 540
      },
      "scale": 0.8559509465914081
    },
    "8136f187-89c1-410f-95ab-50be282df7c5": {
      "position": {
        "x": 400,
        "y": 20,
        "z": 5000
      },
      "rotation": {
        "x": 0,
        "y": 0,
        "z": 0,
        "w": 1
      },
      "viewCenter": {
        "x": 0,
        "y": 0,
        "z": 0
      },
      "contentRect": {
        "x": 176,
        "y": 0,
        "width": 0,
        "height": 0
      },
      "scale": 1
    },
    "b6bfc790-f61d-428b-b5d1-bf55883bb5f1": {
      "position": {
        "x": 667.765215248275,
        "y": 264.1796394583527,
        "z": 5000
      },
      "rotation": {
        "x": 0,
        "y": 0,
        "z": 0,
        "w": 1
      },
      "viewCenter": {
        "x": 0,
        "y": 0,
        "z": 0
      },
      "contentRect": {
        "x": 637.8354017190084,
        "y": 236.67490825607285,
        "width": 100,
        "height": 40
      },
      "scale": 0.9162060088742524
    },
    "493b4de0-50f1-4243-823e-c2a8c2c65773": {
      "position": {
        "x": 771.9357086895338,
        "y": 393.82918062906816,
        "z": 5000
      },
      "rotation": {
        "x": 0,
        "y": 0,
        "z": 0,