{
  "gizmos-infos": {
    "is2D": true,
    "is3DIcon": false,
    "iconSize": 2,
    "gridVisible": true,
    "gridColor": [
      166,
      166,
      166,
      255
    ],
    "transformToolName": "position",
    "pivot": "pivot",
    "coordinate": "local",
    "toolsVisibility3d": true
  },
  "__version__": "1.0.0",
  "builder": {
    "taskOptionsMap": {},
    "__version__": "1.3.7"
  },
  "snap-configs": {
    "position": {
      "x": 1,
      "y": 1,
      "z": 1
    },
    "rotation": 1,
    "scale": 1,
    "isPositionSnapEnabled": false,
    "isRotationSnapEnabled": false,
    "isScaleSnapEnabled": false
  },
  "rect-snap-configs": {
    "enableSnapping": true,
    "snapThreshold": 4
  },
  "camera-infos": {
    "e97af634-9c44-4bfc-a4b9-b740944b1e6a": {
      "position": {
        "x": 640,
        "y": 420.06299999999993,
<<<<<<< HEAD
        "z": 5000
      },
      "rotation": {
        "x": 0,
        "y": 0,
        "z": 0,
        "w": 1
      },
      "viewCenter": {
        "x": 0,
        "y": 0,
        "z": 0
      },
      "contentRect": {
        "x": 365,
        "y": 365.06299999999993,
        "width": 550,
        "height": 95
      },
      "scale": 1
    },
    "ab2dfc6f-bc35-40ac-96f3-d85479c4cacd": {
      "position": {
        "x": 640,
        "y": 359.9999999999999,
        "z": 5000
      },
      "rotation": {
        "x": 0,
        "y": 0,
        "z": 0,
        "w": 1
      },
      "viewCenter": {
        "x": 0,
        "y": 0,
        "z": 0
      },
      "contentRect": {
        "x": -1149.968118455279,
        "y": -911.1724137931034,
        "width": 515.5555555555555,
        "height": 290
      },
      "scale": 0.4027777777777778
    },
    "466f6e11-e0cb-436e-8a84-19042547d271": {
      "position": {
        "x": 1222.652329749104,
        "y": 697.0609318996417,
        "z": 5000
      },
      "rotation": {
        "x": 0,
        "y": 0,
        "z": 0,
        "w": 1
      },
      "viewCenter": {
        "x": 0,
        "y": 0,
        "z": 0
      },
      "contentRect": {
        "x": 1165.304659498208,
        "y": 674.1218637992832,
        "width": 1116,
        "height": 627.75
      },
      "scale": 0.871875
    },
    "5a44e028-7246-4ee5-ba28-5f74352dd67d": {
      "position": {
        "x": 640.0000000000001,
        "y": 360.00000000000006,
=======
>>>>>>> map1
        "z": 5000
      },
      "rotation": {
        "x": 0,
        "y": 0,
        "z": 0,
        "w": 1
      },
      "viewCenter": {
        "x": 0,
        "y": 0,
        "z": 0
      },
      "contentRect": {
<<<<<<< HEAD
        "x": 0,
        "y": 4.8897564611447755e-14,
        "width": 1116,
        "height": 627.75
=======
        "x": 365,
        "y": 365.06299999999993,
        "width": 550,
        "height": 95
>>>>>>> map1
      },
      "scale": 0.871875
    },
<<<<<<< HEAD
    "60c3477a-6426-4d54-8868-59ed3f5e25f7": {
      "position": {
        "x": 640.0000000000001,
        "y": 360.00000000000006,
=======
    "ab2dfc6f-bc35-40ac-96f3-d85479c4cacd": {
      "position": {
        "x": -637.3254896551721,
        "y": -44.68965517241372,
>>>>>>> map1
        "z": 5000
      },
      "rotation": {
        "x": 0,
        "y": 0,
        "z": 0,
        "w": 1
      },
      "viewCenter": {
        "x": 0,
        "y": 0,
        "z": 0
      },
      "contentRect": {
<<<<<<< HEAD
        "x": 0,
        "y": 104.74788868614965,
        "width": 1116,
        "height": 627.75
      },
      "scale": 0.871875
    },
    "493b4de0-50f1-4243-823e-c2a8c2c65773": {
      "position": {
        "x": 597.3868100777125,
        "y": 420.9670565245998,
        "z": 5000
      },
      "rotation": {
        "x": 0,
        "y": 0,
        "z": 0,
        "w": 1
      },
      "viewCenter": {
        "x": 0,
        "y": 0,
        "z": 0
      },
      "contentRect": {
        "x": 529.659632361324,
        "y": 393.8761854380444,
        "width": 1116,
        "height": 627.75
      },
      "scale": 0.7382560692160816
    },
    "eafc482f-074d-4f87-be04-c0fb1a1583f3": {
      "position": {
        "x": 1531.4971259946785,
        "y": 741.8764426146064,
        "z": 5000
      },
      "rotation": {
        "x": 0,
        "y": 0,
        "z": 0,
        "w": 1
      },
      "viewCenter": {
        "x": 0,
        "y": 0,
        "z": 0
      },
      "contentRect": {
        "x": 224.73187210151008,
        "y": 36.223205512295415,
        "width": 1000,
        "height": 540
      },
      "scale": 0.3826241924556683
    },
    "d1e81e9d-ab3a-407d-931f-acb9135b2694": {
      "position": {
        "x": 1039.5925007188,
        "y": 866.8057001154255,
        "z": 5000
      },
      "rotation": {
        "x": 0,
        "y": 0,
        "z": 0,
        "w": 1
      },
      "viewCenter": {
        "x": 0,
        "y": 0,
        "z": 0
      },
      "contentRect": {
        "x": 593.363498043593,
        "y": 625.8420386708136,
        "width": 1441.9187620889747,
        "height": 1024
      },
      "scale": 1.1205009020086731
    },
    "b6bfc790-f61d-428b-b5d1-bf55883bb5f1": {
      "position": {
        "x": -1903.8211709162051,
        "y": -2528.9511237253732,
        "z": 5000
      },
      "rotation": {
        "x": 0,
        "y": 0,
        "z": 0,
        "w": 1
      },
      "viewCenter": {
        "x": 0,
        "y": 0,
        "z": 0
      },
      "contentRect": {
        "x": -2362.6639806066596,
        "y": -2712.4882476015546,
        "width": 100,
        "height": 40
      },
      "scale": 0.1089697799421356
    },
    "48939222-f916-4102-a061-fa566b059c3a": {
      "position": {
        "x": 638.3189999999997,
        "y": 360,
        "z": 5000
      },
      "rotation": {
        "x": 0,
        "y": 0,
        "z": 0,
        "w": 1
      },
      "viewCenter": {
        "x": 0,
        "y": 0,
        "z": 0
      },
      "contentRect": {
        "x": -264.3180000000001,
        "y": 0,
        "width": 1116,
        "height": 445.09586910352664
      },
      "scale": 0.6181887070882315
    },
    "48e623e0-fb0e-46ea-b0f6-9e706504b2ab": {
      "position": {
        "x": 619.6061381074168,
        "y": 518.5473145780051,
=======
        "x": -2427.2936081104513,
        "y": -1315.8620689655172,
        "width": 515.5555555555555,
        "height": 290
      },
      "scale": 0.4027777777777778
    },
    "48e623e0-fb0e-46ea-b0f6-9e706504b2ab": {
      "position": {
        "x": 578.1924233179077,
        "y": 329.0962116589534,
>>>>>>> map1
        "z": 5000
      },
      "rotation": {
        "x": 0,
        "y": 0,
        "z": 0,
        "w": 1
      },
      "viewCenter": {
        "x": 0,
        "y": 0,
        "z": 0
      },
      "contentRect": {
<<<<<<< HEAD
        "x": 56.606138107416825,
        "y": 122.54731457800511,
        "width": 1111.7828282828282,
        "height": 782
      },
      "scale": 0.9873737373737373
    },
    "c77ecaa8-c936-46c4-a5b0-98692673ed87": {
      "position": {
        "x": 639.2483333333333,
        "y": 360.75166666666667,
=======
        "x": -284.03706587613345,
        "y": -155.9078760126947,
        "width": 1280,
        "height": 720
      },
      "scale": 0.7422617853145251
    },
    "d290d91b-9803-4fb2-b175-a5319e2f9c8f": {
      "position": {
        "x": 1202.1835,
        "y": 698,
>>>>>>> map1
        "z": 5000
      },
      "rotation": {
        "x": 0,
        "y": 0,
        "z": 0,
        "w": 1
      },
      "viewCenter": {
        "x": 0,
        "y": 0,
        "z": 0
      },
      "contentRect": {
<<<<<<< HEAD
=======
        "x": 419.9612777777778,
        "y": 346.00000000000006,
        "width": 1280,
        "height": 720
      },
      "scale": 1
    },
    "6ae8d9ad-e94c-4d85-870a-2350c22422f0": {
      "position": {
        "x": 477.7451252954389,
        "y": 492.7234694727004,
        "z": 5000
      },
      "rotation": {
        "x": 0,
        "y": 0,
        "z": 0,
        "w": 1
      },