{
  "gizmos-infos": {
    "is2D": true,
    "is3DIcon": false,
    "iconSize": 2,
    "gridVisible": true,
    "gridColor": [
      166,
      166,
      166,
      255
    ],
    "transformToolName": "position",
    "pivot": "pivot",
    "coordinate": "local",
    "toolsVisibility3d": true
  },
  "__version__": "1.0.0",
  "builder": {
    "taskOptionsMap": {},
    "__version__": "1.3.7"
  },
  "snap-configs": {
    "position": {
      "x": 1,
      "y": 1,
      "z": 1
    },
    "rotation": 1,
    "scale": 1,
    "isPositionSnapEnabled": false,
    "isRotationSnapEnabled": false,
    "isScaleSnapEnabled": false
  },
  "rect-snap-configs": {
    "enableSnapping": true,
    "snapThreshold": 4
  },
  "camera-infos": {
    "c77ecaa8-c936-46c4-a5b0-98692673ed87": {
      "position": {
        "x": 594.9775219274828,
        "y": 337.6631560272217,
        "z": 5000
      },
      "rotation": {
        "x": 0,
        "y": 0,
        "z": 0,
        "w": 1
      },
      "viewCenter": {
        "x": 0,
        "y": 0,
        "z": 0
      },
      "contentRect": {
        "x": 321.187,
        "y": 299.9365000000001,
        "width": 1280,
        "height": 720
      },
      "scale": 1
    },
    "e97af634-9c44-4bfc-a4b9-b740944b1e6a": {
      "position": {
        "x": 640,
        "y": 420.06299999999993,
        "z": 5000
      },
      "rotation": {
        "x": 0,
        "y": 0,
        "z": 0,
        "w": 1
      },
      "viewCenter": {
        "x": 0,
        "y": 0,
        "z": 0
      },
      "contentRect": {
        "x": 365,
        "y": 365.06299999999993,
        "width": 550,
        "height": 95
      },
      "scale": 1
    },
    "d1e81e9d-ab3a-407d-931f-acb9135b2694": {
      "position": {
        "x": 748.7236923985974,
        "y": 513.1692154953239,
        "z": 5000
      },
      "rotation": {
        "x": 0,
        "y": 0,
        "z": 0,
        "w": 1
      },
      "viewCenter": {
        "x": 0,
        "y": 0,
        "z": 0
      },
      "contentRect": {
        "x": 278.788504494312,
        "y": 148.15389130700464,
        "width": 1441.9187620889747,
        "height": 1024
      },
      "scale": 1.1205009020086731
    },
    "e7110b7a-c696-413b-acf7-34c6fec9507e": {
      "position": {
        "x": 670.8841582807638,
        "y": 466.0550340962619,
        "z": 5000
      },
      "rotation": {
        "x": 0,
        "y": 0,
        "z": 0,
        "w": 1
      },
      "viewCenter": {
        "x": 0,
        "y": 0,
        "z": 0
      },
      "contentRect": {
        "x": -276.7919845917903,
        "y": -67.01279626954971,
        "width": 1056,
        "height": 594
      },
      "scale": 0.5571523605095193
    },
    "0216040a-ab4f-441e-8529-3e25420480b8": {
      "position": {
        "x": 548.1945000000001,
        "y": 302.05649999999997,
        "z": 5000
      },
      "rotation": {
        "x": 0,
        "y": 0,
        "z": 0,
        "w": 1
      },
      "viewCenter": {
        "x": 0,
        "y": 0,
        "z": 0
      },
      "contentRect": {
        "x": 297.782,
        "y": 250.90999999999997,
        "width": 500.825,
        "height": 102.293
      },
      "scale": 1
    },
    "ab2dfc6f-bc35-40ac-96f3-d85479c4cacd": {
      "position": {
        "x": 556.3815269827498,
        "y": 310.812662931031,
        "z": 5000
      },
      "rotation": {
        "x": 0,
        "y": 0,
        "z": 0,
        "w": 1
      },
      "viewCenter": {
        "x": 0,
        "y": 0,
        "z": 0
      },
      "contentRect": {
        "x": 97.51584761768574,
        "y": 52.70071828818247,
        "width": 515.5555555555555,
        "height": 290
      },
      "scale": 0.5617717545022474
    }
  },
  "camera-uuids": [
    "c77ecaa8-c936-46c4-a5b0-98692673ed87",
    "e97af634-9c44-4bfc-a4b9-b740944b1e6a",
    "d1e81e9d-ab3a-407d-931f-acb9135b2694",
    "e7110b7a-c696-413b-acf7-34c6fec9507e",
    "0216040a-ab4f-441e-8529-3e25420480b8",
    "ab2dfc6f-bc35-40ac-96f3-d85479c4cacd"
  ],
  "camera": {
    "color": [
      48,
      48,
      48,
      255
    ],
    "fov": 45,
    "far": 10000,
    "near": 0.01,
    "wheelSpeed": 0.01,
    "wanderSpeed": 10,
    "enableAcceleration": true,
    "size": "__default_design__",
    "far2D": 10000,
    "near2D": 1,
    "wheelSpeed2D": 6,
    "iso": 0,
    "aperture": 19,
    "shutter": 7
  },
  "float-window": {
    "position": {
      "cc": {
        "Camera": {
          "dock": false,
          "top": null,
          "bottom": 10,
          "left": null,
          "right": 10
        }
      }
    }
  }
}
