{
  "gizmos-infos": {
    "is2D": true,
    "is3DIcon": false,
    "iconSize": 2,
    "gridVisible": true,
    "gridColor": [
      166,
      166,
      166,
      255
    ],
    "transformToolName": "position",
    "pivot": "pivot",
    "coordinate": "local",
    "toolsVisibility3d": true
  },
  "__version__": "1.0.0",
  "builder": {
    "taskOptionsMap": {},
    "__version__": "1.3.7"
  },
  "snap-configs": {
    "position": {
      "x": 1,
      "y": 1,
      "z": 1
    },
    "rotation": 1,
    "scale": 1,
    "isPositionSnapEnabled": false,
    "isRotationSnapEnabled": false,
    "isScaleSnapEnabled": false
  },
  "rect-snap-configs": {
    "enableSnapping": true,
    "snapThreshold": 4
  },
  "camera-infos": {
    "e97af634-9c44-4bfc-a4b9-b740944b1e6a": {
      "position": {
        "x": 640,
        "y": 420.06299999999993,
        "z": 5000
      },
      "rotation": {
        "x": 0,
        "y": 0,
        "z": 0,
        "w": 1
      },
      "viewCenter": {
        "x": 0,
        "y": 0,
        "z": 0
      },
      "contentRect": {
        "x": 365,
        "y": 365.06299999999993,
        "width": 550,
        "height": 95
      },
      "scale": 1
    },
    "ab2dfc6f-bc35-40ac-96f3-d85479c4cacd": {
      "position": {
        "x": -637.3254896551721,
        "y": -44.68965517241372,
        "z": 5000
      },
      "rotation": {
        "x": 0,
        "y": 0,
        "z": 0,
        "w": 1
      },
      "viewCenter": {
        "x": 0,
        "y": 0,
        "z": 0
      },
      "contentRect": {
        "x": -2427.2936081104513,
        "y": -1315.8620689655172,
        "width": 515.5555555555555,
        "height": 290
      },
      "scale": 0.4027777777777778
    },
    "d290d91b-9803-4fb2-b175-a5319e2f9c8f": {
      "position": {
        "x": 1202.1835,
        "y": 698,
        "z": 5000
      },
      "rotation": {
        "x": 0,
        "y": 0,
        "z": 0,
        "w": 1
      },
      "viewCenter": {
        "x": 0,
        "y": 0,
        "z": 0
      },
      "contentRect": {
        "x": 419.9612777777778,
        "y": 346.00000000000006,
        "width": 1280,
        "height": 720
      },
      "scale": 1
    },
    "6ae8d9ad-e94c-4d85-870a-2350c22422f0": {
      "position": {
        "x": 477.7451252954389,
        "y": 492.7234694727004,
        "z": 5000
      },
      "rotation": {
        "x": 0,
        "y": 0,
        "z": 0,
        "w": 1
      },
      "viewCenter": {
        "x": 0,
        "y": 0,
        "z": 0
      },
      "contentRect": {
        "x": -192.21345516828953,
        "y": -9.745465875095931,
        "width": 938.6666666666666,
        "height": 704
      },
      "scale": 0.7005408200137875
    },
    "eafc482f-074d-4f87-be04-c0fb1a1583f3": {
      "position": {
        "x": 640,
        "y": 360,
        "z": 5000
      },
      "rotation": {
        "x": 0,
        "y": 0,
        "z": 0,
        "w": 1
      },
      "viewCenter": {
        "x": 0,
        "y": 0,
        "z": 0
      },
      "contentRect": {
        "x": -80.95938104448737,
        "y": -151.99999999999994,
        "width": 1280,
        "height": 720
      },
      "scale": 1
    },
    "48e623e0-fb0e-46ea-b0f6-9e706504b2ab": {
      "position": {
        "x": 578.1924233179076,
        "y": 329.0962116589534,
        "z": 5000
      },
      "rotation": {
        "x": 0,
        "y": 0,
        "z": 0,
        "w": 1
      },
      "viewCenter": {
        "x": 0,
        "y": 0,
        "z": 0
      },
      "contentRect": {
        "x": -284.03706587613345,
        "y": -155.9078760126947,
        "width": 1280,
        "height": 720
      },
      "scale": 0.7422617853145251
    },
    "99885cf8-a0b3-49c7-a502-ab109ef9e77f": {
      "position": {
        "x": 640,
        "y": 360.00000000000006,
        "z": 5000
      },
      "rotation": {
        "x": 0,
        "y": 0,
        "z": 0,
        "w": 1
      },
      "viewCenter": {
        "x": 0,
        "y": 0,
        "z": 0
      },
      "contentRect": {
        "x": 0,
        "y": 5.684341886080802e-14,
        "width": 1280,
        "height": 720
      },
      "scale": 1
    },
    "60c3477a-6426-4d54-8868-59ed3f5e25f7": {
      "position": {
        "x": 640,
        "y": 360.00000000000006,
        "z": 5000
      },
      "rotation": {
        "x": 0,
        "y": 0,
        "z": 0,
        "w": 1
      },
      "viewCenter": {
        "x": 0,
        "y": 0,
        "z": 0
      },
      "contentRect": {
        "x": -145.7342657342657,
        "y": -63.99999999999994,
        "width": 1280,
        "height": 720
      },
      "scale": 1
    },
    "ceafbe86-3e1f-44a5-b68c-87d72225d401": {
      "position": {
        "x": 0,
        "y": 0,
        "z": 5000
      },
      "rotation": {
        "x": 0,
        "y": 0,
        "z": 0,
        "w": 1
      },
      "viewCenter": {
        "x": 0,
        "y": 0,
        "z": 0
      },
      "contentRect": {
        "x": 0,
        "y": 0,
        "width": 43,
        "height": 48
      },
      "scale": 1
    },
    "5ae2fc90-0a1a-4910-a41f-8a09188887d0": {
      "position": {
        "x": 674.4468097027291,
        "y": 416.2985661561538,
        "z": 5000
      },
      "rotation": {
        "x": 0,
        "y": 0,
        "z": 0,
        "w": 1
      },
      "viewCenter": {
        "x": 0,
        "y": 0,
        "z": 0
      },
      "contentRect": {
        "x": -512.3728246539654,
        "y": -209.1874573561581,
        "width": 1609.025641025641,
        "height": 848
      },
      "scale": 0.6778728605622538
    },
    "e91380b6-829c-4d25-9432-546e7c9f2e9b": {
      "position": {
        "x": 669.8852108968911,
        "y": 370.0293164373757,
        "z": 5000
      },
      "rotation": {
        "x": 0,
        "y": 0,
        "z": 0,
        "w": 1
      },
      "viewCenter": {
        "x": 0,
        "y": 0,
        "z": 0
      },
      "contentRect": {
        "x": 544.6162668390459,
        "y": 304.0091972717546,
        "width": 1609.025641025641,
        "height": 848
      },
      "scale": 6.42228468167914
    },
    "7d8bd525-6a99-441e-9064-2d1a0b046702": {
      "position": {
        "x": 674.2442042593108,
        "y": 298.09701537739943,
        "z": 5000
      },
      "rotation": {
        "x": 0,
        "y": 0,
        "z": 0,
        "w": 1
      },
      "viewCenter": {
        "x": 0,
        "y": 0,
        "z": 0
      },
      "contentRect": {
        "x": 665.2686564150669,
        "y": 289.1214675331555,
        "width": 32,
        "height": 32
      },
      "scale": 1.7826209917939428
    },
    "de2faacb-743f-4ddc-bff9-5111d3f1c91a": {
      "position": {
        "x": 599.5278043809152,
        "y": 423.934211087907,
        "z": 5000
      },
      "rotation": {
        "x": 0,
        "y": 0,
        "z": 0,
        "w": 1
      },
      "viewCenter": {
        "x": 0,
        "y": 0,
        "z": 0
      },
      "contentRect": {
        "x": 582.2439278844057,
        "y": 404.18120937761034,
        "width": 28,
        "height": 32
      },
      "scale": 0.8100034736320476
    },
    "d1e81e9d-ab3a-407d-931f-acb9135b2694": {
      "position": {
        "x": 795,
        "y": 429.00000000000006,
        "z": 5000
      },
      "rotation": {
        "x": 0,
        "y": 0,
        "z": 0,
        "w": 1
      },
      "viewCenter": {
        "x": 0,
        "y": 0,
        "z": 0
      },
      "contentRect": {
        "x": 3.553459119496877,
        "y": 72.84905660377359,
        "width": 1571.4685314685314,
        "height": 848
      },
      "scale": 0.9883449883449883
    },
    "2911e213-bac8-4bff-ae53-1c723d10b778": {
      "position": {
        "x": 640,
        "y": 360.00000000000006,
        "z": 5000
      },
      "rotation": {
        "x": 0,
        "y": 0,
        "z": 0,
        "w": 1
      },
      "viewCenter": {
        "x": 0,
        "y": 0,
        "z": 0
      },