{
  "gizmos-infos": {
    "is2D": true,
    "is3DIcon": false,
    "iconSize": 2,
    "gridVisible": true,
    "gridColor": [
      166,
      166,
      166,
      255
    ],
    "transformToolName": "position",
    "pivot": "pivot",
    "coordinate": "local",
    "toolsVisibility3d": true
  },
  "__version__": "1.0.0",
  "builder": {
    "taskOptionsMap": {},
    "__version__": "1.3.7"
  },
  "snap-configs": {
    "position": {
      "x": 1,
      "y": 1,
      "z": 1
    },
    "rotation": 1,
    "scale": 1,
    "isPositionSnapEnabled": false,
    "isRotationSnapEnabled": false,
    "isScaleSnapEnabled": false
  },
  "rect-snap-configs": {
    "enableSnapping": true,
    "snapThreshold": 4
  },
  "camera-infos": {
    "e97af634-9c44-4bfc-a4b9-b740944b1e6a": {
      "position": {
        "x": 640,
        "y": 420.06299999999993,
        "z": 5000
      },
      "rotation": {
        "x": 0,
        "y": 0,
        "z": 0,
        "w": 1
      },
      "viewCenter": {
        "x": 0,
        "y": 0,
        "z": 0
      },
      "contentRect": {
        "x": 365,
        "y": 365.06299999999993,
        "width": 550,
        "height": 95
      },
      "scale": 1
    },
    "ab2dfc6f-bc35-40ac-96f3-d85479c4cacd": {
      "position": {
        "x": -637.3254896551721,
        "y": -44.68965517241372,
        "z": 5000
      },
      "rotation": {
        "x": 0,
        "y": 0,
        "z": 0,
        "w": 1
      },
      "viewCenter": {
        "x": 0,
        "y": 0,
        "z": 0
      },
      "contentRect": {
        "x": -2427.2936081104513,
        "y": -1315.8620689655172,
        "width": 515.5555555555555,
        "height": 290
      },
      "scale": 0.4027777777777778
    },
    "48e623e0-fb0e-46ea-b0f6-9e706504b2ab": {
      "position": {
        "x": 578.1924233179077,
        "y": 329.0962116589534,
        "z": 5000
      },
      "rotation": {
        "x": 0,
        "y": 0,
        "z": 0,
        "w": 1
      },
      "viewCenter": {
        "x": 0,
        "y": 0,
        "z": 0
      },
      "contentRect": {
        "x": -284.03706587613345,
        "y": -155.9078760126947,
        "width": 1280,
        "height": 720
      },
      "scale": 0.7422617853145251
    },
    "d290d91b-9803-4fb2-b175-a5319e2f9c8f": {
      "position": {
        "x": 1202.1835,
        "y": 698,
        "z": 5000
      },
      "rotation": {
        "x": 0,
        "y": 0,
        "z": 0,
        "w": 1
      },
      "viewCenter": {
        "x": 0,
        "y": 0,
        "z": 0
      },
      "contentRect": {
        "x": 419.9612777777778,
        "y": 346.00000000000006,
        "width": 1280,
        "height": 720
      },
      "scale": 1
    },
    "6ae8d9ad-e94c-4d85-870a-2350c22422f0": {
      "position": {
        "x": 477.7451252954389,
        "y": 492.7234694727004,
        "z": 5000
      },
      "rotation": {
        "x": 0,
        "y": 0,
        "z": 0,
        "w": 1
      },
      "viewCenter": {
        "x": 0,
        "y": 0,
        "z": 0
      },
      "contentRect": {
        "x": -192.21345516828953,
        "y": -9.745465875095931,
        "width": 938.6666666666666,
        "height": 704
      },
      "scale": 0.7005408200137875
    },
    "4f582775-4c22-4853-9900-f661cf1f2470": {
      "position": {
        "x": -135.93394150575295,
        "y": -63.3321088112034,
        "z": 5000
      },
      "rotation": {
        "x": 0,
        "y": 0,
        "z": 0,
        "w": 1
      },
      "viewCenter": {
        "x": 0,
        "y": 0,
        "z": 0
      },
      "contentRect": {
        "x": -442.4405075847522,
        "y": -281.002293787636,
        "width": 155.633,
        "height": 44
      },
      "scale": 2.35218250058195
    },
    "48939222-f916-4102-a061-fa566b059c3a": {
      "position": {
        "x": 745.8981262352061,
        "y": 262.1621312189533,
        "z": 5000
      },
      "rotation": {
        "x": 0,
        "y": 0,
        "z": 0,
        "w": 1
      },
      "viewCenter": {
        "x": 0,
        "y": 0,
        "z": 0
      },
      "contentRect": {
        "x": -584.6972311646434,
        "y": -336.6057796109789,
        "width": 1564.4444444444443,
        "height": 704
      },
      "scale": 0.5878738550168872
    },
    "d1e81e9d-ab3a-407d-931f-acb9135b2694": {
      "position": {
        "x": 11251.674324688269,
        "y": 8404.334011848812,
        "z": 5000
      },
      "rotation": {
        "x": 0,
        "y": 0,
        "z": 0,
        "w": 1
      },
      "viewCenter": {
        "x": 0,
        "y": 0,
        "z": 0
      },
      "contentRect": {
        "x": 8954.522717035896,
        "y": 6772.977719051731,
        "width": 1441.9187620889747,
        "height": 1024
      },
      "scale": 0.3138492812763406
    },
    "de2faacb-743f-4ddc-bff9-5111d3f1c91a": {
      "position": {
        "x": 599.5278043809151,
        "y": 423.934211087907,
        "z": 5000
      },
      "rotation": {
        "x": 0,
        "y": 0,
        "z": 0,
        "w": 1
      },
      "viewCenter": {
        "x": 0,
        "y": 0,
        "z": 0
      },
      "contentRect": {
        "x": 582.2439278844057,
        "y": 404.18120937761034,
        "width": 28,
        "height": 32
      },
      "scale": 0.8100034736320476
    },
    "c77ecaa8-c936-46c4-a5b0-98692673ed87": {
      "position": {
        "x": 639.9999999999999,
        "y": 360.00000000000006,
        "z": 5000
      },
      "rotation": {
        "x": 0,
        "y": 0,
        "z": 0,
        "w": 1
      },
      "viewCenter": {
        "x": 0,
        "y": 0,
        "z": 0
      },
      "contentRect": {
        "x": 0,
        "y": 0,
        "width": 1262.2222222222222,
        "height": 710
      },
      "scale": 0.9861111111111112
    },
    "70774282-0f2c-4340-8714-aa5ba35f0da7": {
      "position": {
        "x": 415.07433353187866,
        "y": 543.2189513368022,
        "z": 5000
      },
      "rotation": {
        "x": 0,
        "y": 0,
        "z": 0,
        "w": 1
      },
      "viewCenter": {
        "x": 0,
        "y": 0,
        "z": 0
      },
      "contentRect": {
        "x": -381.54896112112465,
        "y": 113.3429847882004,
        "width": 1571.4685314685314,
        "height": 848
      },
      "scale": 0.9863310186987682
    }
  },
  "camera-uuids": [
    "e97af634-9c44-4bfc-a4b9-b740944b1e6a",
    "ab2dfc6f-bc35-40ac-96f3-d85479c4cacd",
    "48e623e0-fb0e-46ea-b0f6-9e706504b2ab",
    "d290d91b-9803-4fb2-b175-a5319e2f9c8f",
    "6ae8d9ad-e94c-4d85-870a-2350c22422f0",
    "4f582775-4c22-4853-9900-f661cf1f2470",
    "48939222-f916-4102-a061-fa566b059c3a",
    "d1e81e9d-ab3a-407d-931f-acb9135b2694",
    "de2faacb-743f-4ddc-bff9-5111d3f1c91a",
    "c77ecaa8-c936-46c4-a5b0-98692673ed87",
    "70774282-0f2c-4340-8714-aa5ba35f0da7"
  ],
  "camera": {
    "color": [
      48,
      48,
      48,
      255
    ],
    "fov": 45,
    "far": 10000,
    "near": 0.01,
    "wheelSpeed": 0.01,
    "wanderSpeed": 10,
    "enableAcceleration": true,
    "size": "__default_design__",
    "far2D": 10000,
    "near2D": 1,
    "wheelSpeed2D": 6,
    "iso": 0,
    "aperture": 19,
    "shutter": 7
  },
  "float-window": {
    "position": {
      "cc": {
        "Camera": {
          "dock": false,
          "top": null,
          "bottom": 10,
          "left": null,
          "right": 10
        }
      }
    }
  },
  "scene_view": {
    "isSceneLightOn": true,
    "output_device": "__default_design__"
  }
}
